{
  "builtin_entity_scope": [],
  "config": {
    "unit_name": "tfidf_vectorizer",
    "use_stemming": true,
    "word_clusters_name": null
  },
  "language_code": "es",
  "vectorizer": {
    "idf_diag": [
      3.0583881324820035,
      5.255612709818223,
      4.850147601710058,
      4.339321977944068,
      4.850147601710058,
      5.255612709818223,
      3.751535313041949,
      4.339321977944068,
      4.850147601710058,
      3.5508646175797978,
      3.751535313041949,
      3.751535313041949,
      4.850147601710058,
      4.002849741322855,
      3.5508646175797978,
      3.5508646175797978,
      4.850147601710058,
      3.0583881324820035,
      4.850147601710058,
      3.8693183486983322,
      4.850147601710058,
      5.255612709818223,
      4.157000421150114,
      2.6906633523566863,
      5.255612709818223,
      4.339321977944068,
      4.339321977944068,
      4.339321977944068,
      3.6461747973841225,
      3.0043209112117277,
      1.1780752659125033,
      4.002849741322855
    ],
    "vocab": {
      "a": 0,
      "action": 1,
      "adelant": 2,
      "adquir": 3,
      "atras": 4,
      "backward": 5,
      "camera": 6,
      "captur": 7,
      "derech": 8,
      "entityfeatureaction_to_do": 9,
      "entityfeaturecamera": 10,
      "entityfeatureuntitled": 11,
      "forward": 12,
      "fot": 13,
      "gir": 14,
      "hac": 15,
      "izquierd": 16,
      "la": 17,
      "left": 18,
      "movert": 19,
      "naveg": 20,
      "navegate": 21,
      "podrias": 22,
      "puedes": 23,
      "right": 24,
      "take": 25,
      "tom": 26,
      "tomame": 27,
      "un": 28,
      "unir": 29,
      "unknownword": 30,
      "vide": 31
    }
  }
}