{
    "action_to_do": {
        "vanilla": "48f609ad-0333-4d12-b1f8-b6ec321b7085.vanilla", 
        "ngram": true, 
        "added": "48f609ad-0333-4d12-b1f8-b6ec321b7085.added", 
        "pruningThresholds": [], 
        "order": 3
    }, 
    "camera": {
        "vanilla": "4883f370-b833-4d8c-8eac-eb754b1a0cd6.vanilla", 
        "ngram": true, 
        "added": "4883f370-b833-4d8c-8eac-eb754b1a0cd6.added", 
        "pruningThresholds": [], 
        "order": 3
    }, 
    "Untitled": {
        "vanilla": "1d93cb5c-27f1-4113-a1fd-d435a4288cb4.vanilla", 
        "ngram": true, 
        "added": "1d93cb5c-27f1-4113-a1fd-d435a4288cb4.added", 
        "pruningThresholds": [], 
        "order": 3
    }
}