{
  "config": {
    "ignore_stop_words": true,
    "max_pattern_length": 1000,
    "max_queries": 500,
    "unit_name": "deterministic_intent_parser"
  },
  "group_names_to_slot_names": {
    "group0": "camera_action",
    "group1": "camera_foto_video",
    "group2": "robot_action"
  },
  "language_code": "es",
  "patterns": {
    "jarain78:ricoh_camera_interaction": [
      "^\\s*(?P<group0>%UNTITLED%)\\s*(?P<group1>%CAMERA%)\\s*$",
      "^\\s*podrias\\s*(?P<group0>%UNTITLED%)\\s*(?P<group1>%CAMERA%)\\s*$",
      "^\\s*puedes\\s*(?P<group0>%UNTITLED%)\\s*(?P<group1>%CAMERA%)\\s*$"
    ],
    "jarain78:ricoh_robot_interaction": [
      "^\\s*puedes\\s*(?P<group2>%ACTION_TO_DO%)\\s*$",
      "^\\s*puedes\\s*girar\\s*hacia\\s*(?P<group2>%ACTION_TO_DO%)\\s*$",
      "^\\s*puedes\\s*girar\\s*(?P<group2>%ACTION_TO_DO%)\\s*$",
      "^\\s*puedes\\s*moverte\\s*hacia\\s*(?P<group2>%ACTION_TO_DO%)\\s*$"
    ]
  },
  "slot_names_to_entities": {
    "jarain78:ricoh_camera_interaction": {
      "camera_action": "Untitled",
      "camera_foto_video": "camera"
    },
    "jarain78:ricoh_robot_interaction": {
      "robot_action": "action_to_do"
    }
  },
  "stop_words_whitelist": {}
}