{
  "id" : "proj_QD4vMVp6bM7",
  "name" : "RicohThetaV_Spanish",
  "intents" : [ {
    "id" : "jarain78:ricoh_robot_interaction",
    "type" : "registry",
    "version" : "0.6.0",
    "language" : "es",
    "slots" : [ {
      "name" : "robot_action",
      "id" : "4swEvvOB5",
      "entityId" : "entity_Pz8YbE0ZoG",
      "missingQuestion" : "",
      "required" : false
    } ],
    "name" : "ricoh_robot_interaction",
    "enabledByDefault" : true
  }, {
    "id" : "jarain78:ricoh_camera_interaction",
    "type" : "registry",
    "version" : "0.6.0",
    "language" : "es",
    "slots" : [ {
      "name" : "camera_foto_video",
      "id" : "dL_Gk7cP7",
      "entityId" : "entity_0ON2Er7lPGY",
      "missingQuestion" : "",
      "required" : false
    }, {
      "name" : "camera_action",
      "id" : "iJn3UCMC-",
      "entityId" : "entity_Ypk64a9kKe",
      "missingQuestion" : "",
      "required" : false
    } ],
    "name" : "ricoh_camera_interaction",
    "enabledByDefault" : true
  } ],
  "createdAt" : "2019-06-11T06:46:30.283Z",
  "language" : "es",
  "version" : {
    "nluModel" : "0.19.6"
  },
  "platform" : {
    "type" : "raspberrypi"
  },
  "asr" : {
    "type" : "snips"
  },
  "analyticsEnabled" : true,
  "heartbeatEnabled" : true,
  "hotword" : "hey_snips"
}